language,tiobe_rank,tiobe_pct,so_usage_pct,github_pct,job_demand,ecosystem_packages_k,reddit_subscribers_k,first_release_year
Python,1,21.25,51.0,100,85,614,1113.3,1991
JavaScript,6,3.45,62.3,95,95,3100,2323.4,1995
TypeScript,35,0.34,38.5,90,95,3100,102.4,2012
Rust,14,1.31,12.6,45,40,210,226.0,2015
Go,16,1.29,13.5,50,50,0,201.6,2009
Java,4,7.99,30.3,80,80,0,287.8,1995
C#,5,6.36,27.1,75,70,0,219.8,2000
Swift,20,1.04,4.7,35,35,0,100.4,2014
Kotlin,22,0.82,9.4,38,38,0,67.6,2011
C,2,11.55,20.3,55,60,0,137.1,1972
C++,3,8.18,23.0,70,60,0,241.2,1985
PHP,18,1.23,18.2,60,65,445,156.3,1994
Ruby,30,0.55,5.2,25,55,190,79.1,1995
R,9,1.88,4.3,22,30,21,33.7,1993
Scala,38,0.30,2.6,18,25,0,49.3,2003
Dart,25,0.69,6.0,28,28,33,38.1,2011
Lua,32,0.42,6.2,15,15,0,17.4,1993
Perl,11,1.75,2.5,8,10,220,16.0,1987
Objective-C,31,0.50,2.1,10,12,0,6.9,1983
COBOL,24,0.72,0.7,3,30,0,3.1,1959
Fortran,13,1.45,1.1,5,20,0,6.9,1957
MATLAB,17,1.29,4.0,8,20,0,49.4,1984
Haskell,42,0.26,2.0,7,8,16,73.9,1990
Groovy,55,0.15,3.3,6,12,0,3.0,2003
Pascal/Delphi,10,1.80,1.8,4,10,0,3.9,1970
Visual Basic,7,2.50,4.2,5,15,0,8.7,1991
ColdFusion,90,0.08,0.1,1,5,0,1.6,1995
ActionScript,100,0.02,0.1,1,2,0,0.2,1998
Assembly,17,1.29,5.4,12,20,0,16.5,1949
Erlang,34,0.35,0.9,5,8,0,9.3,1986
