rank,language,tiobe_rank,so_usage_pct,github_pct,job_demand,ecosystem_packages_k,reddit_subscribers_k,first_release_year,tiobe_norm,so_norm,github_norm,job_norm,eco_norm,community_norm,extinction_score,tier
1,ActionScript,100,0.1,1.0,2,0,0.2,1998,100.0,100.0,100.0,100.0,100.0,100.0,100.0,S
2,ColdFusion,90,0.1,1.0,5,0,1.6,1995,89.9,100.0,100.0,96.8,100.0,99.9,97.3,S
3,Groovy,55,3.3,6.0,12,0,3.0,2003,54.5,94.9,94.9,89.2,100.0,99.9,86.5,S
4,Haskell,42,2.0,7.0,8,16,73.9,1990,41.4,96.9,93.9,93.5,99.5,96.8,84.8,S
5,Erlang,34,0.9,5.0,8,0,9.3,1986,33.3,98.7,96.0,93.5,100.0,99.6,84.2,S
6,Objective-C,31,2.1,10.0,12,0,6.9,1983,30.3,96.8,90.9,89.2,100.0,99.7,81.3,S
7,Pascal/Delphi,10,1.8,4.0,10,0,3.9,1970,9.1,97.3,97.0,91.4,100.0,99.8,78.8,S
8,Lua,32,6.2,15.0,15,0,17.4,1993,31.3,90.2,85.9,86.0,100.0,99.3,78.1,S
9,Scala,38,2.6,18.0,25,0,49.3,2003,37.4,96.0,82.8,75.3,100.0,97.9,78.0,S
10,COBOL,24,0.7,3.0,30,0,3.1,1959,23.2,99.0,98.0,69.9,100.0,99.9,78.0,S
11,Fortran,13,1.1,5.0,20,0,6.9,1957,12.1,98.4,96.0,80.6,100.0,99.7,77.3,S
12,Perl,11,2.5,8.0,10,220,16.0,1987,10.1,96.1,92.9,91.4,92.9,99.3,77.2,S
13,MATLAB,17,4.0,8.0,20,0,49.4,1984,16.2,93.7,92.9,80.6,100.0,97.9,76.3,S
14,Visual Basic,7,4.2,5.0,15,0,8.7,1991,6.1,93.4,96.0,86.0,100.0,99.6,75.9,S
15,Assembly,17,5.4,12.0,20,0,16.5,1949,16.2,91.5,88.9,80.6,100.0,99.3,75.0,S
16,Dart,25,6.0,28.0,28,33,38.1,2011,24.2,90.5,72.7,72.0,98.9,98.4,71.2,A
17,R,9,4.3,22.0,30,21,33.7,1993,8.1,93.2,78.8,69.9,99.3,98.6,69.5,A
18,Swift,20,4.7,35.0,35,0,100.4,2014,19.2,92.6,65.7,64.5,100.0,95.7,67.8,A
19,Ruby,30,5.2,25.0,55,190,79.1,1995,29.3,91.8,75.8,43.0,93.9,96.6,66.8,A
20,Kotlin,22,9.4,38.0,38,0,67.6,2011,21.2,85.0,62.6,61.3,100.0,97.1,65.1,A
21,Rust,14,12.6,45.0,40,210,226.0,2015,13.1,79.9,55.6,59.1,93.2,90.3,59.4,A
22,Go,16,13.5,50.0,50,0,201.6,2009,15.2,78.5,50.5,48.4,100.0,91.3,57.0,A
23,PHP,18,18.2,60.0,65,445,156.3,1994,17.2,70.9,40.4,32.3,85.6,93.3,48.9,B
24,C,2,20.3,55.0,60,0,137.1,1972,1.0,67.5,45.5,37.6,100.0,94.1,48.4,B
25,C++,3,23.0,70.0,60,0,241.2,1985,2.0,63.2,30.3,37.6,100.0,89.6,44.3,B
26,C#,5,27.1,75.0,70,0,219.8,2000,4.0,56.6,25.3,26.9,100.0,90.5,39.9,C
27,Java,4,30.3,80.0,80,0,287.8,1995,3.0,51.4,20.2,16.1,100.0,87.6,35.1,C
28,TypeScript,35,38.5,90.0,95,3100,102.4,2012,34.3,38.3,10.1,0.0,0.0,95.6,23.2,D
29,Python,1,51.0,100.0,85,614,1113.3,1991,0.0,18.2,0.0,10.8,80.2,52.1,17.3,D
30,JavaScript,6,62.3,95.0,95,3100,2323.4,1995,5.1,0.0,5.1,0.0,0.0,0.0,2.0,D
